<?xml version="1.0" encoding="UTF-8"?>
<project-private xmlns="http://www.netbeans.org/ns/project-private/1">
    <editor-bookmarks xmlns="http://www.netbeans.org/ns/editor-bookmarks/2" lastBookmarkId="0"/>
    <open-files xmlns="http://www.netbeans.org/ns/projectui-open-files/2">
        <group name="ED">
            <file>file:/D:/proyectosNetBeans/Youtube/ED/Ejercicio_ED_19_Discoduroderoer/src/baraja/BarajaEspañola.java</file>
            <file>file:/D:/proyectosNetBeans/Youtube/ED/Ejercicio_ED_19_Discoduroderoer/src/baraja/Baraja.java</file>
            <file>file:/D:/proyectosNetBeans/Youtube/ED/Ejercicio_ED_19_Discoduroderoer/src/enumerados/PalosBarajaFrancesa.java</file>
            <file>file:/D:/proyectosNetBeans/Youtube/ED/Ejercicio_ED_19_Discoduroderoer/src/baraja/Metodos.java</file>
            <file>file:/D:/proyectosNetBeans/Youtube/ED/Ejercicio_ED_19_Discoduroderoer/src/enumerados/PalosBarajaEspañola.java</file>
            <file>file:/D:/proyectosNetBeans/Youtube/ED/Ejercicio_ED_19_Discoduroderoer/src/ejercicio_ed_19_discoduroderoer/Ejercicio_ED_19_Discoduroderoer.java</file>
        </group>
    </open-files>
</project-private>
